<?xml version="1.0" encoding="UTF-8" ?>
<?demandware-pipeline version="2.0"?>

<pipeline type="view">
  <branch basename="Start">
    <segment>
      <node>
        <start-node name="Start" secure="true"/>
        <node-display x="3" y="1"/>
      </node>
      <simple-transition>
        <transition-display>
          <bend-point relative-to="source" x="0" y="1"/>
        </transition-display>
      </simple-transition>
      <node>
        <call-node start-name-ref="Cart-GetExistingBasket"/>
        <node-display x="0" y="1"/>
        <branch basename="b2" source-connector="error">
          <transition target-connector="in">
            <transition-display>
              <bend-point relative-to="target" x="0" y="-1"/>
            </transition-display>
          </transition>
          <segment>
            <node>
              <end-node/>
              <node-display x="-1" y="1"/>
            </node>
          </segment>
        </branch>
      </node>
      <simple-transition>
        <transition-display>
          <bend-point relative-to="source" x="0" y="1"/>
        </transition-display>
      </simple-transition>
      <node>
        <pipelet-node pipelet-name="Script" pipelet-set-identifier="bc_api">
          <config-property key="Transactional" value="false"/>
          <config-property key="OnError" value="PIPELET_ERROR"/>
          <config-property key="ScriptFile" value="app_core:checkout/GetApplicableShippingMethods.ds"/>
          <key-binding alias="ScriptLog" key="ScriptLog"/>
          <key-binding alias="Basket" key="Basket"/>
          <key-binding alias="ApplicableShippingMethods" key="ShippingMethods"/>
          <key-binding alias="CurrentHttpParameterMap.city.stringValue" key="City"/>
          <key-binding alias="CurrentHttpParameterMap.countryCode.stringValue" key="Country"/>
          <key-binding alias="CurrentHttpParameterMap.postalCode.stringValue" key="PostalCode"/>
          <key-binding alias="CurrentHttpParameterMap.stateCode.stringValue" key="State"/>
          <key-binding alias="CurrentHttpParameterMap.address1.stringValue" key="Address1"/>
          <key-binding alias="CurrentHttpParameterMap.address2.stringValue" key="Address2"/>
        </pipelet-node>
        <node-display x="0" y="1"/>
        <branch basename="b3" source-connector="error">
          <transition target-connector="in1" target-path="./+1">
            <transition-display>
              <bend-point relative-to="source" x="1" y="0"/>
              <bend-point relative-to="target" x="1" y="0"/>
            </transition-display>
          </transition>
        </branch>
      </node>
      <transition target-connector="in1" target-path="./+1"/>
    </segment>
    <segment>
      <node>
        <join-node/>
        <node-display x="0" y="1"/>
      </node>
      <simple-transition>
        <transition-display>
          <bend-point relative-to="source" x="0" y="1"/>
        </transition-display>
      </simple-transition>
      <node>
        <pipelet-node custom-name="Remember selected shipping method." pipelet-name="Assign" pipelet-set-identifier="bc_api">
          <config-property key="Transactional" value="false"/>
          <key-binding alias="new dw.util.HashMap()" key="From_0"/>
          <key-binding alias="ShippingCosts" key="To_0"/>
          <key-binding alias="Basket.defaultShipment.getShippingMethod() || dw.order.ShippingMgr.getDefaultShippingMethod()" key="From_1"/>
          <key-binding alias="CurrentShippingMethod" key="To_1"/>
          <key-binding alias="null" key="From_2"/>
          <key-binding alias="null" key="To_2"/>
          <key-binding alias="null" key="From_3"/>
          <key-binding alias="null" key="To_3"/>
          <key-binding alias="null" key="From_4"/>
          <key-binding alias="null" key="To_4"/>
          <key-binding alias="null" key="From_5"/>
          <key-binding alias="null" key="To_5"/>
          <key-binding alias="null" key="From_6"/>
          <key-binding alias="null" key="To_6"/>
          <key-binding alias="null" key="From_7"/>
          <key-binding alias="null" key="To_7"/>
          <key-binding alias="null" key="From_8"/>
          <key-binding alias="null" key="To_8"/>
          <key-binding alias="null" key="From_9"/>
          <key-binding alias="null" key="To_9"/>
        </pipelet-node>
        <node-display x="0" y="1"/>
      </node>
      <transition target-connector="in" target-path="./+1" transaction-control="begin"/>
    </segment>
    <segment>
      <node>
        <loop-node element-key="Method" iterator-key="ApplicableShippingMethods"/>
        <node-display x="0" y="2"/>
        <branch basename="b2" source-connector="do">
          <transition target-connector="in">
            <transition-display>
              <bend-point relative-to="source" x="0" y="1"/>
            </transition-display>
          </transition>
          <segment>
            <node>
              <pipelet-node pipelet-name="Script" pipelet-set-identifier="bc_api">
                <config-property key="Transactional" value="true"/>
                <config-property key="OnError" value="PIPELET_ERROR"/>
                <config-property key="ScriptFile" value="app_core:checkout/UpdateShipmentShippingMethod.ds"/>
                <key-binding alias="null" key="ScriptLog"/>
                <key-binding alias="Method.ID" key="ShippingMethodID"/>
                <key-binding alias="Basket.defaultShipment" key="Shipment"/>
                <key-binding alias="Method" key="ShippingMethod"/>
                <key-binding alias="ApplicableShippingMethods" key="ShippingMethods"/>
              </pipelet-node>
              <node-display x="0" y="1"/>
              <branch basename="b2" source-connector="error">
                <transition target-connector="in1" target-path="./b3.1">
                  <transition-display>
                    <bend-point relative-to="source" x="2" y="0"/>
                  </transition-display>
                </transition>
              </branch>
            </node>
            <simple-transition>
              <transition-display>
                <bend-point relative-to="source" x="0" y="1"/>
              </transition-display>
            </simple-transition>
            <node>
              <call-node start-name-ref="Cart-Calculate"/>
              <node-display x="0" y="1"/>
            </node>
            <simple-transition>
              <transition-display>
                <bend-point relative-to="source" x="0" y="1"/>
              </transition-display>
            </simple-transition>
            <node>
              <pipelet-node pipelet-name="Script" pipelet-set-identifier="bc_api">
                <config-property key="Transactional" value="true"/>
                <config-property key="OnError" value="PIPELET_ERROR"/>
                <config-property key="ScriptFile" value="app_core:checkout/PreCalculateShipping.ds"/>
                <key-binding alias="log" key="ScriptLog"/>
                <key-binding alias="Basket" key="Basket"/>
                <key-binding alias="Method" key="Method"/>
                <key-binding alias="ShippingCost" key="ShippingCost"/>
              </pipelet-node>
              <node-display x="0" y="1"/>
              <branch basename="b3" source-connector="error">
                <transition target-connector="in1"/>
                <segment>
                  <node>
                    <join-node/>
                    <node-display x="1" y="0"/>
                  </node>
                  <transition target-connector="in1" target-path="../+1">
                    <transition-display>
                      <bend-point relative-to="target" x="2" y="0"/>
                    </transition-display>
                  </transition>
                </segment>
              </branch>
            </node>
            <simple-transition>
              <transition-display>
                <bend-point relative-to="source" x="0" y="1"/>
              </transition-display>
            </simple-transition>
            <node>
              <pipelet-node pipelet-name="Eval" pipelet-set-identifier="bc_api">
                <config-property key="OnError" value="null"/>
                <config-property key="Transactional" value="false"/>
                <config-property key="Expression" value="ShippingCosts.put(Method.ID, ShippingCost)"/>
                <key-binding alias="Result" key="Result"/>
              </pipelet-node>
              <node-display x="0" y="1"/>
            </node>
            <transition target-connector="in1" target-path="./+1"/>
          </segment>
          <segment>
            <node>
              <join-node/>
              <node-display x="0" y="1"/>
            </node>
            <transition target-connector="loop" target-path="..">
              <transition-display>
                <bend-point relative-to="source" x="-2" y="0"/>
                <bend-point relative-to="target" x="-2" y="0"/>
              </transition-display>
            </transition>
          </segment>
        </branch>
      </node>
      <simple-transition transaction-control="rollback">
        <transition-display>
          <bend-point relative-to="target" x="0" y="-2"/>
          <bend-point relative-to="target" x="0" y="-1"/>
        </transition-display>
      </simple-transition>
      <node>
        <pipelet-node custom-name="Restore selected shipping method." pipelet-name="Script" pipelet-set-identifier="bc_api">
          <config-property key="Transactional" value="true"/>
          <config-property key="OnError" value="PIPELET_ERROR"/>
          <config-property key="ScriptFile" value="app_core:checkout/UpdateShipmentShippingMethod.ds"/>
          <key-binding alias="null" key="ScriptLog"/>
          <key-binding alias="CurrentShippingMethod.ID" key="ShippingMethodID"/>
          <key-binding alias="Basket.defaultShipment" key="Shipment"/>
          <key-binding alias="CurrentShippingMethod" key="ShippingMethod"/>
          <key-binding alias="ApplicableShippingMethods" key="ShippingMethods"/>
        </pipelet-node>
        <node-display x="2" y="1"/>
        <branch basename="b3" source-connector="error">
          <transition target-connector="in1" target-path="./+1">
            <transition-display>
              <bend-point relative-to="source" x="1" y="0"/>
              <bend-point relative-to="target" x="1" y="0"/>
            </transition-display>
          </transition>
        </branch>
      </node>
      <simple-transition/>
      <node>
        <call-node start-name-ref="Cart-Calculate"/>
        <node-display x="0" y="1"/>
      </node>
      <transition target-connector="in1" target-path="./+1"/>
    </segment>
    <segment>
      <node>
        <join-node/>
        <node-display x="0" y="1"/>
      </node>
      <simple-transition/>
      <node>
        <pipelet-node custom-name="Prepopulate shipping method seletion with shipment shipping method" pipelet-name="Assign" pipelet-set-identifier="bc_api">
          <config-property key="Transactional" value="false"/>
          <key-binding alias="Basket.defaultShipment.shippingMethodID" key="From_0"/>
          <key-binding alias="CurrentForms.singleshipping.shippingAddress.shippingMethodID.value" key="To_0"/>
          <key-binding alias="null" key="From_1"/>
          <key-binding alias="null" key="To_1"/>
          <key-binding alias="null" key="From_2"/>
          <key-binding alias="null" key="To_2"/>
          <key-binding alias="null" key="From_3"/>
          <key-binding alias="null" key="To_3"/>
          <key-binding alias="null" key="From_4"/>
          <key-binding alias="null" key="To_4"/>
          <key-binding alias="null" key="From_5"/>
          <key-binding alias="null" key="To_5"/>
          <key-binding alias="null" key="From_6"/>
          <key-binding alias="null" key="To_6"/>
          <key-binding alias="null" key="From_7"/>
          <key-binding alias="null" key="To_7"/>
          <key-binding alias="null" key="From_8"/>
          <key-binding alias="null" key="To_8"/>
          <key-binding alias="null" key="From_9"/>
          <key-binding alias="null" key="To_9"/>
        </pipelet-node>
        <node-display x="0" y="1"/>
      </node>
      <simple-transition>
        <transition-display>
          <bend-point relative-to="source" x="0" y="1"/>
        </transition-display>
      </simple-transition>
      <node>
        <end-node/>
        <node-display x="0" y="1"/>
      </node>
    </segment>
  </branch>
</pipeline>
